state,declarationDate,incidentType,designatedArea,FID
MN,2006-06-05T19:15:00.000Z,Flood,Becker,1878
MN,2006-06-05T19:15:00.000Z,Flood,Polk,1959
MN,2006-06-05T19:15:00.000Z,Flood,Clay,1898
MN,2006-06-05T19:15:00.000Z,Flood,Marshall,1937
MN,2006-06-05T19:15:00.000Z,Flood,Norman,1951
MN,2006-06-05T19:15:00.000Z,Flood,Red Lake,1966
MN,2006-06-05T19:15:00.000Z,Flood,Roseau,1976
MN,2006-06-05T19:15:00.000Z,Flood,Kittson,1921
MN,2006-06-05T19:15:00.000Z,Flood,Wilkin,1997
ME,2007-04-20T19:18:00.000Z,Flood,Lincoln,1835
ME,2007-04-20T19:18:00.000Z,Flood,Hancock,1748
ME,2007-04-20T19:18:00.000Z,Flood,Waldo,1865
ME,2007-04-20T19:18:00.000Z,Flood,Knox,1774
OK,2008-05-09T18:00:00.000Z,Flood,Adair,2095
OK,2008-05-09T18:00:00.000Z,Flood,Haskell,2195
OK,2008-05-09T18:00:00.000Z,Flood,Coal,2144
OK,2008-05-09T18:00:00.000Z,Flood,Delaware,2154
OK,2008-05-09T18:00:00.000Z,Flood,Hughes,2197
OK,2008-05-09T18:00:00.000Z,Flood,Johnston,2211
OK,2008-05-09T18:00:00.000Z,Flood,Kingfisher,2219
OK,2008-05-09T18:00:00.000Z,Flood,Caddo,2118
OK,2008-05-09T18:00:00.000Z,Flood,Logan,2236
OK,2008-05-09T18:00:00.000Z,Flood,Love,2238
OK,2008-05-09T18:00:00.000Z,Flood,Latimer,2226
OK,2008-05-09T18:00:00.000Z,Flood,Muskogee,2281
OK,2008-05-09T18:00:00.000Z,Flood,McIntosh,2258
OK,2008-05-09T18:00:00.000Z,Flood,Mayes,2270
OK,2008-05-09T18:00:00.000Z,Flood,Okfuskee,2297
OK,2008-05-09T18:00:00.000Z,Flood,Sequoyah,2391
OK,2008-05-09T18:00:00.000Z,Flood,Rogers,2374
ME,2008-05-09T18:10:00.000Z,Flood,Knox,1774
OK,2008-05-09T18:00:00.000Z,Flood,Wagoner,2014
ME,2008-05-09T18:10:00.000Z,Flood,Piscataquis,1851
ME,2008-05-09T18:10:00.000Z,Flood,Lincoln,1835
OK,2008-05-09T18:00:00.000Z,Flood,Pawnee,2329
ME,2008-05-09T18:10:00.000Z,Flood,Somerset,1860
OK,2008-05-09T18:00:00.000Z,Flood,Pittsburg,2344
OK,2008-05-09T18:00:00.000Z,Flood,Tillman,2005
OK,2008-05-09T18:00:00.000Z,Flood,Pushmataha,2362
OK,2008-05-09T18:00:00.000Z,Flood,Seminole,2384
ME,2008-05-09T18:10:00.000Z,Flood,Waldo,1865
ME,2008-05-09T18:10:00.000Z,Flood,Penobscot,1846
ME,2008-05-09T18:10:00.000Z,Flood,Aroostook,1535
OK,2008-05-09T18:00:00.000Z,Flood,Ottawa,2325
ID,2008-07-31T15:30:00.000Z,Flood,Kootenai,552
ID,2008-07-31T15:30:00.000Z,Flood,Shoshone,621
HI,2009-01-05T17:30:00.000Z,Flood,Kauai,261
HI,2009-01-05T17:30:00.000Z,Flood,Honolulu,234
WA,2009-01-30T16:30:00.000Z,Flood,Chelan,2852
WA,2009-01-30T16:30:00.000Z,Flood,Columbia,2869
WA,2009-01-30T16:30:00.000Z,Flood,Garfield,2886
WA,2009-01-30T16:30:00.000Z,Flood,Jefferson,2905
WA,2009-01-30T16:30:00.000Z,Flood,Klickitat,2935
WA,2009-01-30T16:30:00.000Z,Flood,Lincoln,2942
WA,2009-01-30T16:30:00.000Z,Flood,Skamania,2959
WA,2009-01-30T16:30:00.000Z,Flood,Yakima,2974
WA,2009-01-30T16:30:00.000Z,Flood,Benton,2847
WA,2009-01-30T16:30:00.000Z,Flood,Clallam,2861
WA,2009-01-30T16:30:00.000Z,Flood,Cowlitz,2871
WA,2009-01-30T16:30:00.000Z,Flood,Grays Harbor,2894
WA,2009-01-30T16:30:00.000Z,Flood,King,2913
WA,2009-01-30T16:30:00.000Z,Flood,Kittitas,2932
WA,2009-01-30T16:30:00.000Z,Flood,Mason,2946
WA,2009-01-30T16:30:00.000Z,Flood,Pacific,2949
WA,2009-01-30T16:30:00.000Z,Flood,Pierce,2956
WA,2009-01-30T16:30:00.000Z,Flood,Skagit,2958
WA,2009-01-30T16:30:00.000Z,Flood,Lewis,2940
WA,2009-01-30T16:30:00.000Z,Flood,Snohomish,2960
WA,2009-01-30T16:30:00.000Z,Flood,Thurston,2967
WA,2009-01-30T16:30:00.000Z,Flood,Wahkiakum,2969
WA,2009-01-30T16:30:00.000Z,Flood,Whatcom,2972
AK,2009-06-11T19:30:00.000Z,Flood,Matanuska-Susitna,556
MN,2010-04-19T16:30:00.000Z,Flood,Big Stone,1882
MN,2010-04-19T16:30:00.000Z,Flood,Carver,1894
MN,2010-04-19T16:30:00.000Z,Flood,Chippewa,1896
MN,2010-04-19T16:30:00.000Z,Flood,Clay,1898
MN,2010-04-19T16:30:00.000Z,Flood,Blue Earth,1886
MN,2010-04-19T16:30:00.000Z,Flood,Brown,1892
MN,2010-04-19T16:30:00.000Z,Flood,Cottonwood,1902
MN,2010-04-19T16:30:00.000Z,Flood,Grant,1912
MN,2010-04-19T16:30:00.000Z,Flood,Lac qui Parle,1923
MN,2010-04-19T16:30:00.000Z,Flood,McLeod,1934
MN,2010-04-19T16:30:00.000Z,Flood,Marshall,1937
MN,2010-04-19T16:30:00.000Z,Flood,Nicollet,1948
MN,2010-04-19T16:30:00.000Z,Flood,Kittson,1921
MN,2010-04-19T16:30:00.000Z,Flood,Pennington,1956
MN,2010-04-19T16:30:00.000Z,Flood,Polk,1959
MN,2010-04-19T16:30:00.000Z,Flood,Ramsey,1964
MN,2010-04-19T16:30:00.000Z,Flood,Red Lake,1966
MN,2010-04-19T16:30:00.000Z,Flood,Redwood,1969
MN,2010-04-19T16:30:00.000Z,Flood,Norman,1951
MN,2010-04-19T16:30:00.000Z,Flood,Renville,1971
MN,2010-04-19T16:30:00.000Z,Flood,Sibley,1982
MN,2010-04-19T16:30:00.000Z,Flood,Scott,1979
MN,2010-04-19T16:30:00.000Z,Flood,Traverse,1990
MN,2010-04-19T16:30:00.000Z,Flood,Wilkin,1997
MN,2010-04-19T16:30:00.000Z,Flood,Stevens,1987
MN,2010-04-19T16:30:00.000Z,Flood,Yellow Medicine,1531
NE,2010-04-21T18:15:00.000Z,Flood,Antelope,1305
NE,2010-04-21T18:15:00.000Z,Flood,Arthur,1307
NE,2010-04-21T18:15:00.000Z,Flood,Boyd,1317
NE,2010-04-21T18:15:00.000Z,Flood,Butler,1325
NE,2010-04-21T18:15:00.000Z,Flood,Cass,1326
NE,2010-04-21T18:15:00.000Z,Flood,Colfax,1338
NE,2010-04-21T18:15:00.000Z,Flood,Boone,1310
NE,2010-04-21T18:15:00.000Z,Flood,Cuming,1340
NE,2010-04-21T18:15:00.000Z,Flood,Dixon,1353
NE,2010-04-21T18:15:00.000Z,Flood,Dakota,1344
NE,2010-04-21T18:15:00.000Z,Flood,Gage,1378
NE,2010-04-21T18:15:00.000Z,Flood,Greeley,1397
NE,2010-04-21T18:15:00.000Z,Flood,Hayes,1411
NE,2010-04-21T18:15:00.000Z,Flood,Holt,1416
NE,2010-04-21T18:15:00.000Z,Flood,Howard,1311
NE,2010-04-21T18:15:00.000Z,Flood,Jefferson,1312
NE,2010-04-21T18:15:00.000Z,Flood,Johnson,1313
NE,2010-04-21T18:15:00.000Z,Flood,Loup,1331
NE,2010-04-21T18:15:00.000Z,Flood,Madison,1335
NE,2010-04-21T18:15:00.000Z,Flood,Nance,1341
NE,2010-04-21T18:15:00.000Z,Flood,Nemaha,1343
NE,2010-04-21T18:15:00.000Z,Flood,Lancaster,1324
NE,2010-04-21T18:15:00.000Z,Flood,Nuckolls,1345
NE,2010-04-21T18:15:00.000Z,Flood,Otoe,1348
NE,2010-04-21T18:15:00.000Z,Flood,Pawnee,1350
NE,2010-04-21T18:15:00.000Z,Flood,Pierce,1356
NE,2010-04-21T18:15:00.000Z,Flood,Platte,1359
NE,2010-04-21T18:15:00.000Z,Flood,Polk,1362
NE,2010-04-21T18:15:00.000Z,Flood,Richardson,1365
NE,2010-04-21T18:15:00.000Z,Flood,Saline,1367
NE,2010-04-21T18:15:00.000Z,Flood,Seward,1375
NE,2010-04-21T18:15:00.000Z,Flood,Sherman,1377
NE,2010-04-21T18:15:00.000Z,Flood,Stanton,1382
NE,2010-04-21T18:15:00.000Z,Flood,Thurston,1385
NE,2010-04-21T18:15:00.000Z,Flood,Valley,1386
NE,2010-04-21T18:15:00.000Z,Flood,Wheeler,1390
NE,2010-04-21T18:15:00.000Z,Flood,York,1392
ND,2010-04-30T17:37:00.000Z,Flood,Barnes,1828
ND,2010-04-30T17:37:00.000Z,Flood,Benson,1831
ND,2010-04-30T17:37:00.000Z,Flood,Cass,1848
ND,2010-04-30T17:37:00.000Z,Flood,Dickey,2004
ND,2010-04-30T17:37:00.000Z,Flood,Bottineau,1836
ND,2010-04-30T17:37:00.000Z,Flood,Emmons,2021
ND,2010-04-30T17:37:00.000Z,Flood,Foster,2026
ND,2010-04-30T17:37:00.000Z,Flood,Eddy,2017
ND,2010-04-30T17:37:00.000Z,Flood,Grand Forks,2043
ND,2010-04-30T17:37:00.000Z,Flood,Logan,2078
ND,2010-04-30T17:37:00.000Z,Flood,McHenry,2082
ND,2010-04-30T17:37:00.000Z,Flood,McIntosh,2090
ND,2010-04-30T17:37:00.000Z,Flood,Mercer,2107
ND,2010-04-30T17:37:00.000Z,Flood,Morton,2114
ND,2010-04-30T17:37:00.000Z,Flood,Nelson,2122
ND,2010-04-30T17:37:00.000Z,Flood,Kidder,2068
ND,2010-04-30T17:37:00.000Z,Flood,LaMoure,2074
ND,2010-04-30T17:37:00.000Z,Flood,Pembina,2131
ND,2010-04-30T17:37:00.000Z,Flood,Ramsey,2141
ND,2010-04-30T17:37:00.000Z,Flood,Sargent,2164
ND,2010-04-30T17:37:00.000Z,Flood,Ransom,2147
ND,2010-04-30T17:37:00.000Z,Flood,Traill,2217
ND,2010-04-30T17:37:00.000Z,Flood,Steele,2186
ND,2010-04-30T17:37:00.000Z,Flood,Stutsman,2199
ND,2010-04-30T17:37:00.000Z,Flood,Ward,2233
ND,2010-04-30T17:37:00.000Z,Flood,Richland,2156
ND,2010-04-30T17:37:00.000Z,Flood,Walsh,2225
ND,2010-04-30T17:37:00.000Z,Flood,Renville,2150
ND,2010-04-30T17:37:00.000Z,Flood,Wells,2237
SD,2010-05-13T16:29:00.000Z,Flood,Aurora,2870
SD,2010-05-13T16:29:00.000Z,Flood,Beadle,2874
SD,2010-05-13T16:29:00.000Z,Flood,Brown,2885
SD,2010-05-13T16:29:00.000Z,Flood,Brule,2888
SD,2010-05-13T16:29:00.000Z,Flood,Buffalo,2891
SD,2010-05-13T16:29:00.000Z,Flood,Charles Mix,2900
SD,2010-05-13T16:29:00.000Z,Flood,Clark,2901
SD,2010-05-13T16:29:00.000Z,Flood,Clay,2903
SD,2010-05-13T16:29:00.000Z,Flood,Codington,2906
SD,2010-05-13T16:29:00.000Z,Flood,Day,2911
SD,2010-05-13T16:29:00.000Z,Flood,Deuel,2912
SD,2010-05-13T16:29:00.000Z,Flood,Edmunds,2917
SD,2010-05-13T16:29:00.000Z,Flood,Grant,2922
SD,2010-05-13T16:29:00.000Z,Flood,Hamlin,2926
SD,2010-05-13T16:29:00.000Z,Flood,Hanson,2929
SD,2010-05-13T16:29:00.000Z,Flood,Douglas,2916
SD,2010-05-13T16:29:00.000Z,Flood,Hutchinson,2934
SD,2010-05-13T16:29:00.000Z,Flood,Hyde,2937
SD,2010-05-13T16:29:00.000Z,Flood,Lake,2401
SD,2010-05-13T16:29:00.000Z,Flood,Kingsbury,2945
SD,2010-05-13T16:29:00.000Z,Flood,Jerauld,2941
SD,2010-05-13T16:29:00.000Z,Flood,Faulk,2921
SD,2010-05-13T16:29:00.000Z,Flood,Lyman,2417
SD,2010-05-13T16:29:00.000Z,Flood,Gregory,2923
SD,2010-05-13T16:29:00.000Z,Flood,Hand,2928
SD,2010-05-13T16:29:00.000Z,Flood,McPherson,2426
SD,2010-05-13T16:29:00.000Z,Flood,Marshall,2430
SD,2010-05-13T16:29:00.000Z,Flood,McCook,2422
SD,2010-05-13T16:29:00.000Z,Flood,Roberts,2511
SD,2010-05-13T16:29:00.000Z,Flood,Sanborn,2514
SD,2010-05-13T16:29:00.000Z,Flood,Spink,2523
SD,2010-05-13T16:29:00.000Z,Flood,Sully,2535
SD,2010-05-13T16:29:00.000Z,Flood,Miner,2456
SD,2010-05-13T16:29:00.000Z,Flood,Moody,2485
SD,2010-05-13T16:29:00.000Z,Flood,Tripp,2546
SD,2010-05-13T16:29:00.000Z,Flood,Turner,2550
SD,2010-05-13T16:29:00.000Z,Flood,Union,2557
WV,2010-06-24T16:00:00.000Z,Flood,Lewis,3029
WV,2010-06-24T16:00:00.000Z,Flood,Logan,3034
WV,2010-06-24T16:00:00.000Z,Flood,McDowell,3037
WV,2010-06-24T16:00:00.000Z,Flood,Mingo,3048
WV,2010-06-24T16:00:00.000Z,Flood,Wyoming,3099
WY,2010-07-14T18:18:00.000Z,Flood,Fremont,3028
WY,2010-07-14T18:18:00.000Z,Flood,Platte,3045
NM,2010-09-13T15:25:00.000Z,Flood,Cibola,1580
NM,2010-09-13T15:25:00.000Z,Flood,McKinley,1626
NM,2010-09-13T15:25:00.000Z,Flood,San Juan,1650
NM,2010-09-13T15:25:00.000Z,Flood,Socorro,1659
NM,2010-09-13T15:25:00.000Z,Flood,Mora,1629
CA,2011-01-26T15:00:00.000Z,Flood,Inyo,562
CA,2011-01-26T15:00:00.000Z,Flood,Kern,84
CA,2011-01-26T15:00:00.000Z,Flood,Orange,257
CA,2011-01-26T15:00:00.000Z,Flood,San Bernardino,302
CA,2011-01-26T15:00:00.000Z,Flood,San Diego,315
CA,2011-01-26T15:00:00.000Z,Flood,San Luis Obispo,351
CA,2011-01-26T15:00:00.000Z,Flood,Santa Barbara,391
CA,2011-01-26T15:00:00.000Z,Flood,Tulare,501
CA,2011-01-26T15:00:00.000Z,Flood,Kings,94
CA,2011-01-26T15:00:00.000Z,Flood,Riverside,281
UT,2011-02-11T15:00:00.000Z,Flood,Garfield,2674
UT,2011-02-11T15:00:00.000Z,Flood,Kane,2678
UT,2011-02-11T15:00:00.000Z,Flood,Washington,2577
ND,2011-05-10T19:00:00.000Z,Flood,Billings,1833
ND,2011-05-10T19:00:00.000Z,Flood,Bottineau,1836
ND,2011-05-10T19:00:00.000Z,Flood,Burke,1841
ND,2011-05-10T19:00:00.000Z,Flood,Cass,1848
ND,2011-05-10T19:00:00.000Z,Flood,Dickey,2004
ND,2011-05-10T19:00:00.000Z,Flood,Foster,2026
ND,2011-05-10T19:00:00.000Z,Flood,Grand Forks,2043
ND,2011-05-10T19:00:00.000Z,Flood,Kidder,2068
ND,2011-05-10T19:00:00.000Z,Flood,Griggs,2056
ND,2011-05-10T19:00:00.000Z,Flood,Grant,2051
ND,2011-05-10T19:00:00.000Z,Flood,Cavalier,1849
ND,2011-05-10T19:00:00.000Z,Flood,Eddy,2017
ND,2011-05-10T19:00:00.000Z,Flood,Divide,2007
ND,2011-05-10T19:00:00.000Z,Flood,LaMoure,2074
ND,2011-05-10T19:00:00.000Z,Flood,Logan,2078
ND,2011-05-10T19:00:00.000Z,Flood,McIntosh,2090
ND,2011-05-10T19:00:00.000Z,Flood,McKenzie,2097
ND,2011-05-10T19:00:00.000Z,Flood,McLean,2103
ND,2011-05-10T19:00:00.000Z,Flood,Mercer,2107
ND,2011-05-10T19:00:00.000Z,Flood,Mountrail,2119
ND,2011-05-10T19:00:00.000Z,Flood,Nelson,2122
ND,2011-05-10T19:00:00.000Z,Flood,Pembina,2131
ND,2011-05-10T19:00:00.000Z,Flood,Ransom,2147
ND,2011-05-10T19:00:00.000Z,Flood,Rolette,2161
ND,2011-05-10T19:00:00.000Z,Flood,Sargent,2164
ND,2011-05-10T19:00:00.000Z,Flood,Sioux,2175
ND,2011-05-10T19:00:00.000Z,Flood,Towner,2205
ND,2011-05-10T19:00:00.000Z,Flood,Pierce,2136
ND,2011-05-10T19:00:00.000Z,Flood,Stutsman,2199
ND,2011-05-10T19:00:00.000Z,Flood,Traill,2217
ND,2011-05-10T19:00:00.000Z,Flood,Steele,2186
ND,2011-05-10T19:00:00.000Z,Flood,Walsh,2225
ND,2011-05-10T19:00:00.000Z,Flood,Wells,2237
ND,2011-05-10T19:00:00.000Z,Flood,Sheridan,2169
ND,2011-05-10T19:00:00.000Z,Flood,Williams,2244
ND,2011-05-10T19:00:00.000Z,Flood,Barnes,1828
ND,2011-05-10T19:00:00.000Z,Flood,Benson,1831
ND,2011-05-10T19:00:00.000Z,Flood,Burleigh,1844
ND,2011-05-10T19:00:00.000Z,Flood,McHenry,2082
ND,2011-05-10T19:00:00.000Z,Flood,Morton,2114
ND,2011-05-10T19:00:00.000Z,Flood,Ramsey,2141
ND,2011-05-10T19:00:00.000Z,Flood,Renville,2150
ND,2011-05-10T19:00:00.000Z,Flood,Richland,2156
ND,2011-05-10T19:00:00.000Z,Flood,Ward,2233
MN,2011-05-10T19:08:00.000Z,Flood,Becker,1878
MN,2011-05-10T19:08:00.000Z,Flood,Beltrami,1880
MN,2011-05-10T19:08:00.000Z,Flood,Big Stone,1882
MN,2011-05-10T19:08:00.000Z,Flood,Blue Earth,1886
MN,2011-05-10T19:08:00.000Z,Flood,Brown,1892
MN,2011-05-10T19:08:00.000Z,Flood,Carver,1894
MN,2011-05-10T19:08:00.000Z,Flood,Chippewa,1896
MN,2011-05-10T19:08:00.000Z,Flood,Clay,1898
MN,2011-05-10T19:08:00.000Z,Flood,Grant,1912
MN,2011-05-10T19:08:00.000Z,Flood,Kittson,1921
MN,2011-05-10T19:08:00.000Z,Flood,Le Sueur,1929
MN,2011-05-10T19:08:00.000Z,Flood,Lyon,1932
MN,2011-05-10T19:08:00.000Z,Flood,Lac qui Parle,1923
MN,2011-05-10T19:08:00.000Z,Flood,McLeod,1934
MN,2011-05-10T19:08:00.000Z,Flood,Marshall,1937
MN,2011-05-10T19:08:00.000Z,Flood,Norman,1951
MN,2011-05-10T19:08:00.000Z,Flood,Otter Tail,1954
MN,2011-05-10T19:08:00.000Z,Flood,Polk,1959
MN,2011-05-10T19:08:00.000Z,Flood,Ramsey,1964
MN,2011-05-10T19:08:00.000Z,Flood,Red Lake,1966
MN,2011-05-10T19:08:00.000Z,Flood,Nicollet,1948
MN,2011-05-10T19:08:00.000Z,Flood,Redwood,1969
MN,2011-05-10T19:08:00.000Z,Flood,Renville,1971
MN,2011-05-10T19:08:00.000Z,Flood,Roseau,1976
MN,2011-05-10T19:08:00.000Z,Flood,Scott,1979
MN,2011-05-10T19:08:00.000Z,Flood,Stevens,1987
MN,2011-05-10T19:08:00.000Z,Flood,Sibley,1982
MN,2011-05-10T19:08:00.000Z,Flood,Swift,1988
MN,2011-05-10T19:08:00.000Z,Flood,Traverse,1990
MN,2011-05-10T19:08:00.000Z,Flood,Washington,1994
MN,2011-05-10T19:08:00.000Z,Flood,Wilkin,1997
MN,2011-05-10T19:08:00.000Z,Flood,Yellow Medicine,1531
MN,2011-05-10T19:08:00.000Z,Flood,Wright,1999
MS,2011-05-11T18:30:00.000Z,Flood,DeSoto,1571
MS,2011-05-11T18:30:00.000Z,Flood,Bolivar,1547
MS,2011-05-11T18:30:00.000Z,Flood,Claiborne,1555
MS,2011-05-11T18:30:00.000Z,Flood,Coahoma,1562
MS,2011-05-11T18:30:00.000Z,Flood,Humphreys,1596
MS,2011-05-11T18:30:00.000Z,Flood,Issaquena,1598
MS,2011-05-11T18:30:00.000Z,Flood,Adams,1534
MS,2011-05-11T18:30:00.000Z,Flood,Jefferson,1610
MS,2011-05-11T18:30:00.000Z,Flood,Sharkey,1695
MS,2011-05-11T18:30:00.000Z,Flood,Tunica,1735
MS,2011-05-11T18:30:00.000Z,Flood,Washington,1750
MS,2011-05-11T18:30:00.000Z,Flood,Wilkinson,1757
MS,2011-05-11T18:30:00.000Z,Flood,Yazoo,1760
SD,2011-05-13T14:00:00.000Z,Flood,Aurora,2870
MS,2011-05-11T18:30:00.000Z,Flood,Warren,1746
SD,2011-05-13T14:00:00.000Z,Flood,Beadle,2874
SD,2011-05-13T14:00:00.000Z,Flood,Brookings,2882
SD,2011-05-13T14:00:00.000Z,Flood,Brown,2885
SD,2011-05-13T14:00:00.000Z,Flood,Brule,2888
SD,2011-05-13T14:00:00.000Z,Flood,Buffalo,2891
SD,2011-05-13T14:00:00.000Z,Flood,Clark,2901
SD,2011-05-13T14:00:00.000Z,Flood,Clay,2903
SD,2011-05-13T14:00:00.000Z,Flood,Codington,2906
SD,2011-05-13T14:00:00.000Z,Flood,Day,2911
SD,2011-05-13T14:00:00.000Z,Flood,Deuel,2912
SD,2011-05-13T14:00:00.000Z,Flood,Edmunds,2917
SD,2011-05-13T14:00:00.000Z,Flood,Faulk,2921
SD,2011-05-13T14:00:00.000Z,Flood,Butte,2895
SD,2011-05-13T14:00:00.000Z,Flood,Grant,2922
SD,2011-05-13T14:00:00.000Z,Flood,Gregory,2923
SD,2011-05-13T14:00:00.000Z,Flood,Hamlin,2926
SD,2011-05-13T14:00:00.000Z,Flood,Hand,2928
SD,2011-05-13T14:00:00.000Z,Flood,Hanson,2929
SD,2011-05-13T14:00:00.000Z,Flood,Hutchinson,2934
SD,2011-05-13T14:00:00.000Z,Flood,Hyde,2937
SD,2011-05-13T14:00:00.000Z,Flood,Jackson,2939
SD,2011-05-13T14:00:00.000Z,Flood,Jerauld,2941
SD,2011-05-13T14:00:00.000Z,Flood,Kingsbury,2945
SD,2011-05-13T14:00:00.000Z,Flood,Lake,2401
SD,2011-05-13T14:00:00.000Z,Flood,Lyman,2417
SD,2011-05-13T14:00:00.000Z,Flood,Miner,2456
SD,2011-05-13T14:00:00.000Z,Flood,Moody,2485
SD,2011-05-13T14:00:00.000Z,Flood,Perkins,2502
SD,2011-05-13T14:00:00.000Z,Flood,Potter,2506
SD,2011-05-13T14:00:00.000Z,Flood,Roberts,2511
SD,2011-05-13T14:00:00.000Z,Flood,Sanborn,2514
SD,2011-05-13T14:00:00.000Z,Flood,Spink,2523
SD,2011-05-13T14:00:00.000Z,Flood,Sully,2535
SD,2011-05-13T14:00:00.000Z,Flood,Marshall,2430
SD,2011-05-13T14:00:00.000Z,Flood,Charles Mix,2900
SD,2011-05-13T14:00:00.000Z,Flood,Hughes,2933
SD,2011-05-13T14:00:00.000Z,Flood,Stanley,2530
SD,2011-05-13T14:00:00.000Z,Flood,Union,2557
SD,2011-05-13T14:00:00.000Z,Flood,Yankton,2569
ID,2011-05-20T12:30:00.000Z,Flood,Bonner,387
ID,2011-05-20T12:30:00.000Z,Flood,Clearwater,474
ID,2011-05-20T12:30:00.000Z,Flood,Idaho,528
ID,2011-05-20T12:30:00.000Z,Flood,Nez Perce,589
ID,2011-05-20T12:30:00.000Z,Flood,Shoshone,621
NY,2011-06-10T16:30:00.000Z,Flood,Allegany,1674
NY,2011-06-10T16:30:00.000Z,Flood,Chemung,1696
NY,2011-06-10T16:30:00.000Z,Flood,Chenango,1699
NY,2011-06-10T16:30:00.000Z,Flood,Clinton,1702
NY,2011-06-10T16:30:00.000Z,Flood,Delaware,1707
NY,2011-06-10T16:30:00.000Z,Flood,Essex,1728
NY,2011-06-10T16:30:00.000Z,Flood,Broome,1683
NY,2011-06-10T16:30:00.000Z,Flood,Franklin,1731
NY,2011-06-10T16:30:00.000Z,Flood,Hamilton,1742
NY,2011-06-10T16:30:00.000Z,Flood,Lewis,1790
NY,2011-06-10T16:30:00.000Z,Flood,Livingston,1791
NY,2011-06-10T16:30:00.000Z,Flood,Madison,1796
NY,2011-06-10T16:30:00.000Z,Flood,Niagara,1850
NY,2011-06-10T16:30:00.000Z,Flood,Herkimer,1745
NY,2011-06-10T16:30:00.000Z,Flood,Onondaga,1853
NY,2011-06-10T16:30:00.000Z,Flood,Tioga,1930
NY,2011-06-10T16:30:00.000Z,Flood,Ulster,1935
NY,2011-06-10T16:30:00.000Z,Flood,Oneida,1852
NY,2011-06-10T16:30:00.000Z,Flood,Wyoming,1962
NY,2011-06-10T16:30:00.000Z,Flood,Warren,1938
NY,2011-06-10T16:30:00.000Z,Flood,Yates,1965
NY,2011-06-10T16:30:00.000Z,Flood,Ontario,1856
NY,2011-06-10T16:30:00.000Z,Flood,Steuben,1891
IA,2011-06-27T17:00:00.000Z,Flood,Woodbury,702
IA,2011-06-27T17:00:00.000Z,Flood,Fremont,455
IA,2011-06-27T17:00:00.000Z,Flood,Harrison,478
IA,2011-06-27T17:00:00.000Z,Flood,Mills,569
IA,2011-06-27T17:00:00.000Z,Flood,Monona,576
IA,2011-06-27T17:00:00.000Z,Flood,Pottawattamie,637
ND,2010-03-14T00:00:00.000Z,Flood,Barnes,1828
ND,2010-03-14T00:00:00.000Z,Flood,Burleigh,1844
ND,2010-03-14T00:00:00.000Z,Flood,Benson,1831
ND,2010-03-14T00:00:00.000Z,Flood,Cass,1848
ND,2010-03-14T00:00:00.000Z,Flood,Dickey,2004
ND,2010-03-14T00:00:00.000Z,Flood,Emmons,2021
ND,2010-03-14T00:00:00.000Z,Flood,Foster,2026
ND,2010-03-14T00:00:00.000Z,Flood,LaMoure,2074
ND,2010-03-14T00:00:00.000Z,Flood,Grand Forks,2043
ND,2010-03-14T00:00:00.000Z,Flood,Pembina,2131
ND,2010-03-14T00:00:00.000Z,Flood,Mercer,2107
ND,2010-03-14T00:00:00.000Z,Flood,Ransom,2147
ND,2010-03-14T00:00:00.000Z,Flood,Richland,2156
ND,2010-03-14T00:00:00.000Z,Flood,Nelson,2122
ND,2010-03-14T00:00:00.000Z,Flood,Stutsman,2199
ND,2010-03-14T00:00:00.000Z,Flood,Walsh,2225
ND,2010-03-14T00:00:00.000Z,Flood,Ramsey,2141
ND,2010-03-14T00:00:00.000Z,Flood,Traill,2217
MN,2010-03-19T19:35:00.000Z,Flood,Carver,1894
MN,2010-03-19T19:35:00.000Z,Flood,Brown,1892
MN,2010-03-19T19:35:00.000Z,Flood,Big Stone,1882
MN,2010-03-19T19:35:00.000Z,Flood,Blue Earth,1886
MN,2010-03-19T19:35:00.000Z,Flood,Clay,1898
MN,2010-03-19T19:35:00.000Z,Flood,Dakota,1904
MN,2010-03-19T19:35:00.000Z,Flood,Chippewa,1896
MN,2010-03-19T19:35:00.000Z,Flood,Hennepin,1913
MN,2010-03-19T19:35:00.000Z,Flood,Kittson,1921
MN,2010-03-19T19:35:00.000Z,Flood,Lac qui Parle,1923
MN,2010-03-19T19:35:00.000Z,Flood,Le Sueur,1929
MN,2010-03-19T19:35:00.000Z,Flood,Goodhue,1911
MN,2010-03-19T19:35:00.000Z,Flood,Lyon,1932
MN,2010-03-19T19:35:00.000Z,Flood,Nicollet,1948
MN,2010-03-19T19:35:00.000Z,Flood,Polk,1959
MN,2010-03-19T19:35:00.000Z,Flood,Norman,1951
MN,2010-03-19T19:35:00.000Z,Flood,Renville,1971
MN,2010-03-19T19:35:00.000Z,Flood,Marshall,1937
MN,2010-03-19T19:35:00.000Z,Flood,Sibley,1982
MN,2010-03-19T19:35:00.000Z,Flood,Swift,1988
MN,2010-03-19T19:35:00.000Z,Flood,Redwood,1969
MN,2010-03-19T19:35:00.000Z,Flood,Washington,1994
MN,2010-03-19T19:35:00.000Z,Flood,Wilkin,1997
MN,2010-03-19T19:35:00.000Z,Flood,Yellow Medicine,1531
MN,2010-03-19T19:35:00.000Z,Flood,Ramsey,1964
MN,2010-03-19T19:35:00.000Z,Flood,Scott,1979
MN,2010-03-19T19:35:00.000Z,Flood,Traverse,1990
MN,2010-03-19T19:35:00.000Z,Flood,Wright,1999
ND,2011-04-07T20:00:00.000Z,Flood,Benson,1831
ND,2011-04-07T20:00:00.000Z,Flood,Burleigh,1844
ND,2011-04-07T20:00:00.000Z,Flood,Barnes,1828
ND,2011-04-07T20:00:00.000Z,Flood,Eddy,2017
ND,2011-04-07T20:00:00.000Z,Flood,Emmons,2021
ND,2011-04-07T20:00:00.000Z,Flood,McLean,2103
ND,2011-04-07T20:00:00.000Z,Flood,Nelson,2122
ND,2011-04-07T20:00:00.000Z,Flood,Morton,2114
ND,2011-04-07T20:00:00.000Z,Flood,Pembina,2131
ND,2011-04-07T20:00:00.000Z,Flood,Ramsey,2141
ND,2011-04-07T20:00:00.000Z,Flood,Oliver,2127
ND,2011-04-07T20:00:00.000Z,Flood,Cass,1848
ND,2011-04-07T20:00:00.000Z,Flood,Grand Forks,2043
ND,2011-04-07T20:00:00.000Z,Flood,Mercer,2107
ND,2011-04-07T20:00:00.000Z,Flood,Richland,2156
ND,2011-04-07T20:00:00.000Z,Flood,Sioux,2175
ND,2011-04-07T20:00:00.000Z,Flood,Ransom,2147
ND,2011-04-07T20:00:00.000Z,Flood,Traill,2217
ND,2011-04-07T20:00:00.000Z,Flood,Walsh,2225
ND,2011-04-07T20:00:00.000Z,Flood,Towner,2205
ND,2011-04-07T20:00:00.000Z,Flood,Ward,2233
MS,2011-05-04T20:00:00.000Z,Flood,Bolivar,1547
MS,2011-05-04T20:00:00.000Z,Flood,Adams,1534
MS,2011-05-04T20:00:00.000Z,Flood,Claiborne,1555
MS,2011-05-04T20:00:00.000Z,Flood,Coahoma,1562
MS,2011-05-04T20:00:00.000Z,Flood,DeSoto,1571
MS,2011-05-04T20:00:00.000Z,Flood,Jefferson,1610
MS,2011-05-04T20:00:00.000Z,Flood,Issaquena,1598
MS,2011-05-04T20:00:00.000Z,Flood,Sharkey,1695
MS,2011-05-04T20:00:00.000Z,Flood,Humphreys,1596
MS,2011-05-04T20:00:00.000Z,Flood,Tunica,1735
MS,2011-05-04T20:00:00.000Z,Flood,Warren,1746
MS,2011-05-04T20:00:00.000Z,Flood,Washington,1750
MS,2011-05-04T20:00:00.000Z,Flood,Wilkinson,1757
MS,2011-05-04T20:00:00.000Z,Flood,Yazoo,1760
TN,2011-05-04T08:30:00.000Z,Flood,Lake,2817
TN,2011-05-04T08:30:00.000Z,Flood,Stewart,2041
TN,2011-05-04T08:30:00.000Z,Flood,Shelby,2033
LA,2011-05-06T17:00:00.000Z,Flood,Ascension,1055
LA,2011-05-06T17:00:00.000Z,Flood,Assumption,1060
LA,2011-05-06T17:00:00.000Z,Flood,Avoyelles,1062
LA,2011-05-06T17:00:00.000Z,Flood,Concordia,1098
LA,2011-05-06T17:00:00.000Z,Flood,East Baton Rouge,1108
LA,2011-05-06T17:00:00.000Z,Flood,Franklin,1123
LA,2011-05-06T17:00:00.000Z,Flood,Catahoula,1093
LA,2011-05-06T17:00:00.000Z,Flood,Iberia,1133
LA,2011-05-06T17:00:00.000Z,Flood,Iberville,1134
LA,2011-05-06T17:00:00.000Z,Flood,East Feliciana,1115
TN,2011-05-04T08:30:00.000Z,Flood,Dyer,2723
LA,2011-05-06T17:00:00.000Z,Flood,East Carroll,1111
LA,2011-05-06T17:00:00.000Z,Flood,Madison,1297
LA,2011-05-06T17:00:00.000Z,Flood,La Salle,1289
LA,2011-05-06T17:00:00.000Z,Flood,Lafourche,1280
LA,2011-05-06T17:00:00.000Z,Flood,St. Charles,1466
LA,2011-05-06T17:00:00.000Z,Flood,St. James,1468
LA,2011-05-06T17:00:00.000Z,Flood,St. John the Baptist,1469
LA,2011-05-06T17:00:00.000Z,Flood,Pointe Coupee,1431
LA,2011-05-06T17:00:00.000Z,Flood,Richland,1439
LA,2011-05-06T17:00:00.000Z,Flood,St. Mary,1474
LA,2011-05-06T17:00:00.000Z,Flood,St. Landry,1471
LA,2011-05-06T17:00:00.000Z,Flood,Tensas,1479
LA,2011-05-06T17:00:00.000Z,Flood,West Baton Rouge,1520
NE,2011-06-18T03:00:00.000Z,Flood,Boyd,1317
LA,2011-05-06T17:00:00.000Z,Flood,Terrebonne,1501
NE,2011-06-18T03:00:00.000Z,Flood,Burt,1323
LA,2011-05-06T17:00:00.000Z,Flood,St. Martin,1473
LA,2011-05-06T17:00:00.000Z,Flood,West Feliciana,1524
NE,2011-06-18T03:00:00.000Z,Flood,Cass,1326
NE,2011-06-18T03:00:00.000Z,Flood,Cedar,1329
NE,2011-06-18T03:00:00.000Z,Flood,Dixon,1353
NE,2011-06-18T03:00:00.000Z,Flood,Garden,1381
NE,2011-06-18T03:00:00.000Z,Flood,Dakota,1344
NE,2011-06-18T03:00:00.000Z,Flood,Douglas,1358
NE,2011-06-18T03:00:00.000Z,Flood,Morrill,1339
NE,2011-06-18T03:00:00.000Z,Flood,Nemaha,1343
NE,2011-06-18T03:00:00.000Z,Flood,Richardson,1365
NE,2011-06-18T03:00:00.000Z,Flood,Otoe,1348
NE,2011-06-18T03:00:00.000Z,Flood,Sarpy,1368
NE,2011-06-18T03:00:00.000Z,Flood,Knox,1322
NE,2011-06-18T03:00:00.000Z,Flood,Lincoln,1327
NE,2011-06-18T03:00:00.000Z,Flood,Washington,1387
NE,2011-06-18T03:00:00.000Z,Flood,Scotts Bluff,1373
NE,2011-06-18T03:00:00.000Z,Flood,Thurston,1385
KS,2011-06-25T15:30:00.000Z,Flood,Leavenworth,836
KS,2011-06-25T15:30:00.000Z,Flood,Wyandotte,927
KS,2011-06-25T15:30:00.000Z,Flood,Atchison,715
KS,2011-06-25T15:30:00.000Z,Flood,Doniphan,765
MO,2011-06-30T18:30:00.000Z,Flood,Boone,1783
MO,2011-06-30T18:30:00.000Z,Flood,Atchison,1763
MO,2011-06-30T18:30:00.000Z,Flood,Andrew,1762
MO,2011-06-30T18:30:00.000Z,Flood,Carroll,1822
MO,2011-06-30T18:30:00.000Z,Flood,Cooper,1025
MO,2011-06-30T18:30:00.000Z,Flood,Clark,1015
MO,2011-06-30T18:30:00.000Z,Flood,Franklin,1047
MO,2011-06-30T18:30:00.000Z,Flood,Gasconade,1049
MO,2011-06-30T18:30:00.000Z,Flood,Buchanan,1789
MO,2011-06-30T18:30:00.000Z,Flood,Chariton,1011
MO,2011-06-30T18:30:00.000Z,Flood,Callaway,1799
MO,2011-06-30T18:30:00.000Z,Flood,Clay,1018
MO,2011-06-30T18:30:00.000Z,Flood,Jackson,1074
MO,2011-06-30T18:30:00.000Z,Flood,Howard,1068
MO,2011-06-30T18:30:00.000Z,Flood,Holt,1065
MO,2011-06-30T18:30:00.000Z,Flood,Lafayette,1099
MO,2011-06-30T18:30:00.000Z,Flood,Lewis,1104
MO,2011-06-30T18:30:00.000Z,Flood,Osage,1164
MO,2011-06-30T18:30:00.000Z,Flood,Platte,1181
MO,2011-06-30T18:30:00.000Z,Flood,Ray,1197
MO,2011-06-30T18:30:00.000Z,Flood,St. Charles,1205
MO,2011-06-30T18:30:00.000Z,Flood,St. Louis County,1216
MO,2011-06-30T18:30:00.000Z,Flood,Saline,1218
MO,2011-06-30T18:30:00.000Z,Flood,Warren,1251
MO,2011-06-30T18:30:00.000Z,Flood,Cole,1022
MO,2011-06-30T18:30:00.000Z,Flood,Montgomery,1142
MO,2011-06-30T18:30:00.000Z,Flood,Moniteau,1135
MO,2011-06-30T18:30:00.000Z,Flood,St. Louis City,1266
PA,2011-09-08T23:00:00.000Z,Flood,Adams,2292
PA,2011-09-08T23:00:00.000Z,Flood,Bedford,2324
PA,2011-09-08T23:00:00.000Z,Flood,Berks,2326
PA,2011-09-08T23:00:00.000Z,Flood,Blair,2328
PA,2011-09-08T23:00:00.000Z,Flood,Bradford,2333
PA,2011-09-08T23:00:00.000Z,Flood,Bucks,2336
PA,2011-09-08T23:00:00.000Z,Flood,Cambria,2341
PA,2011-09-08T23:00:00.000Z,Flood,Carbon,2349
PA,2011-09-08T23:00:00.000Z,Flood,Chester,2360
PA,2011-09-08T23:00:00.000Z,Flood,Centre,2354
PA,2011-09-08T23:00:00.000Z,Flood,Clinton,2379
PA,2011-09-08T23:00:00.000Z,Flood,Columbia,2385
PA,2011-09-08T23:00:00.000Z,Flood,Dauphin,2403
PA,2011-09-08T23:00:00.000Z,Flood,Franklin,2439
PA,2011-09-08T23:00:00.000Z,Flood,Fulton,2446
PA,2011-09-08T23:00:00.000Z,Flood,Delaware,2414
PA,2011-09-08T23:00:00.000Z,Flood,Lackawanna,2471
PA,2011-09-08T23:00:00.000Z,Flood,Cumberland,2397
PA,2011-09-08T23:00:00.000Z,Flood,Lebanon,2492
PA,2011-09-08T23:00:00.000Z,Flood,Lancaster,2482
PA,2011-09-08T23:00:00.000Z,Flood,Lehigh,2496
PA,2011-09-08T23:00:00.000Z,Flood,Huntingdon,2454
PA,2011-09-08T23:00:00.000Z,Flood,Juniata,2466
PA,2011-09-08T23:00:00.000Z,Flood,Luzerne,2501
PA,2011-09-08T23:00:00.000Z,Flood,Lycoming,2505
PA,2011-09-08T23:00:00.000Z,Flood,Mifflin,2517
PA,2011-09-08T23:00:00.000Z,Flood,Monroe,2521
PA,2011-09-08T23:00:00.000Z,Flood,Montgomery,2528
PA,2011-09-08T23:00:00.000Z,Flood,Montour,2533
PA,2011-09-08T23:00:00.000Z,Flood,Northampton,2537
PA,2011-09-08T23:00:00.000Z,Flood,Northumberland,2544
PA,2011-09-08T23:00:00.000Z,Flood,Perry,2554
PA,2011-09-08T23:00:00.000Z,Flood,Philadelphia,2563
PA,2011-09-08T23:00:00.000Z,Flood,Snyder,2583
PA,2011-09-08T23:00:00.000Z,Flood,Somerset,2589
PA,2011-09-08T23:00:00.000Z,Flood,Schuylkill,2581
PA,2011-09-08T23:00:00.000Z,Flood,Sullivan,2293
PA,2011-09-08T23:00:00.000Z,Flood,Tioga,2305
PA,2011-09-08T23:00:00.000Z,Flood,Union,2313
PA,2011-09-08T23:00:00.000Z,Flood,Wyoming,2407
PA,2011-09-08T23:00:00.000Z,Flood,Susquehanna,2298
PA,2011-09-08T23:00:00.000Z,Flood,York,2419
ND,2013-04-26T16:58:00.000Z,Flood,Cass,1848
ND,2013-04-26T16:58:00.000Z,Flood,Grand Forks,2043
ND,2013-04-26T16:58:00.000Z,Flood,Pembina,2131
ND,2013-04-26T16:58:00.000Z,Flood,Traill,2217
ND,2013-04-26T16:58:00.000Z,Flood,Walsh,2225
CO,2013-09-12T21:52:00.000Z,Flood,Adams,545
CO,2013-09-12T21:52:00.000Z,Flood,Arapahoe,558
CO,2013-09-12T21:52:00.000Z,Flood,Boulder,570
ND,2013-04-26T16:58:00.000Z,Flood,Richland,2156
CO,2013-09-12T21:52:00.000Z,Flood,Broomfield,577
CO,2013-09-12T21:52:00.000Z,Flood,Clear Creek,591
CO,2013-09-12T21:52:00.000Z,Flood,Denver,628
CO,2013-09-12T21:52:00.000Z,Flood,El Paso,661
CO,2013-09-12T21:52:00.000Z,Flood,Larimer,734
CO,2013-09-12T21:52:00.000Z,Flood,Logan,749
CO,2013-09-12T21:52:00.000Z,Flood,Morgan,775
CO,2013-09-12T21:52:00.000Z,Flood,Pueblo,795
CO,2013-09-12T21:52:00.000Z,Flood,Fremont,664
CO,2013-09-12T21:52:00.000Z,Flood,Jefferson,706
CO,2013-09-12T21:52:00.000Z,Flood,Washington,377
CO,2013-09-12T21:52:00.000Z,Flood,Weld,382
NH,2011-07-22T13:00:00.000Z,Flood,Coos,1440
NH,2011-07-22T13:00:00.000Z,Flood,Grafton,1442
UT,2011-08-08T17:08:00.000Z,Flood,Beaver,2653
UT,2011-08-08T17:08:00.000Z,Flood,Box Elder,2658
UT,2011-08-08T17:08:00.000Z,Flood,Cache,2661
UT,2011-08-08T17:08:00.000Z,Flood,Daggett,2668
UT,2011-08-08T17:08:00.000Z,Flood,Duchesne,2672
UT,2011-08-08T17:08:00.000Z,Flood,Emery,2673
UT,2011-08-08T17:08:00.000Z,Flood,Millard,2680
UT,2011-08-08T17:08:00.000Z,Flood,Morgan,2681
UT,2011-08-08T17:08:00.000Z,Flood,Piute,2685
UT,2011-08-08T17:08:00.000Z,Flood,Salt Lake,2690
UT,2011-08-08T17:08:00.000Z,Flood,Sanpete,2697
UT,2011-08-08T17:08:00.000Z,Flood,Sevier,2702
UT,2011-08-08T17:08:00.000Z,Flood,Summit,2703
UT,2011-08-08T17:08:00.000Z,Flood,Tooele,2707
UT,2011-08-08T17:08:00.000Z,Flood,Utah,2555
UT,2011-08-08T17:08:00.000Z,Flood,Wasatch,2567
UT,2011-08-08T17:08:00.000Z,Flood,Weber,2587
MO,2011-08-12T16:30:00.000Z,Flood,Carroll,1822
UT,2011-08-08T17:08:00.000Z,Flood,Uintah,2539
MO,2011-08-12T16:30:00.000Z,Flood,Cooper,1025
MO,2011-08-12T16:30:00.000Z,Flood,Howard,1068
MO,2011-08-12T16:30:00.000Z,Flood,Saline,1218
MO,2011-08-12T16:30:00.000Z,Flood,Andrew,1762
MO,2011-08-12T16:30:00.000Z,Flood,Atchison,1763
MO,2011-08-12T16:30:00.000Z,Flood,Buchanan,1789
MO,2011-08-12T16:30:00.000Z,Flood,Holt,1065
MO,2011-08-12T16:30:00.000Z,Flood,Ray,1197
MO,2011-08-12T16:30:00.000Z,Flood,Lafayette,1099
MO,2011-08-12T16:30:00.000Z,Flood,Platte,1181
NE,2011-08-12T16:30:00.000Z,Flood,Garden,1381
NE,2011-08-12T16:30:00.000Z,Flood,Otoe,1348
NE,2011-08-12T16:30:00.000Z,Flood,Scotts Bluff,1373
NE,2011-08-12T16:30:00.000Z,Flood,Boyd,1317
NE,2011-08-12T16:30:00.000Z,Flood,Dixon,1353
NE,2011-08-12T16:30:00.000Z,Flood,Burt,1323
NE,2011-08-12T16:30:00.000Z,Flood,Cass,1326
NE,2011-08-12T16:30:00.000Z,Flood,Dakota,1344
NE,2011-08-12T16:30:00.000Z,Flood,Douglas,1358
NE,2011-08-12T16:30:00.000Z,Flood,Knox,1322
NE,2011-08-12T16:30:00.000Z,Flood,Lincoln,1327
NE,2011-08-12T16:30:00.000Z,Flood,Nemaha,1343
NE,2011-08-12T16:30:00.000Z,Flood,Richardson,1365
NE,2011-08-12T16:30:00.000Z,Flood,Sarpy,1368
NE,2011-08-12T16:30:00.000Z,Flood,Thurston,1385
NE,2011-08-12T16:30:00.000Z,Flood,Washington,1387
LA,2011-08-18T13:30:00.000Z,Flood,Ascension,1055
LA,2011-08-18T13:30:00.000Z,Flood,Catahoula,1093
LA,2011-08-18T13:30:00.000Z,Flood,Iberia,1133
LA,2011-08-18T13:30:00.000Z,Flood,Iberville,1134
LA,2011-08-18T13:30:00.000Z,Flood,La Salle,1289
LA,2011-08-18T13:30:00.000Z,Flood,East Baton Rouge,1108
LA,2011-08-18T13:30:00.000Z,Flood,West Baton Rouge,1520
LA,2011-08-18T13:30:00.000Z,Flood,Assumption,1060
LA,2011-08-18T13:30:00.000Z,Flood,Avoyelles,1062
LA,2011-08-18T13:30:00.000Z,Flood,Concordia,1098
LA,2011-08-18T13:30:00.000Z,Flood,East Carroll,1111
LA,2011-08-18T13:30:00.000Z,Flood,Lafourche,1280
LA,2011-08-18T13:30:00.000Z,Flood,Madison,1297
LA,2011-08-18T13:30:00.000Z,Flood,Pointe Coupee,1431
LA,2011-08-18T13:30:00.000Z,Flood,St. Charles,1466
LA,2011-08-18T13:30:00.000Z,Flood,St. James,1468
LA,2011-08-18T13:30:00.000Z,Flood,St. Landry,1471
LA,2011-08-18T13:30:00.000Z,Flood,St. Martin,1473
LA,2011-08-18T13:30:00.000Z,Flood,St. Mary,1474
LA,2011-08-18T13:30:00.000Z,Flood,Tensas,1479
LA,2011-08-18T13:30:00.000Z,Flood,Terrebonne,1501
LA,2011-08-18T13:30:00.000Z,Flood,West Feliciana,1524
PA,2011-09-12T23:12:00.000Z,Flood,Bedford,2324
PA,2011-09-12T23:12:00.000Z,Flood,Lackawanna,2471
PA,2011-09-12T23:12:00.000Z,Flood,Mifflin,2517
PA,2011-09-12T23:12:00.000Z,Flood,Juniata,2466
PA,2011-09-12T23:12:00.000Z,Flood,Tioga,2305
PA,2011-09-12T23:12:00.000Z,Flood,Wayne,2363
PA,2011-09-12T23:12:00.000Z,Flood,Monroe,2521
PA,2011-09-12T23:12:00.000Z,Flood,Cumberland,2397
PA,2011-09-12T23:12:00.000Z,Flood,Delaware,2414
PA,2011-09-12T23:12:00.000Z,Flood,Philadelphia,2563
PA,2011-09-12T23:12:00.000Z,Flood,Adams,2292
PA,2011-09-12T23:12:00.000Z,Flood,Berks,2326
PA,2011-09-12T23:12:00.000Z,Flood,Bradford,2333
PA,2011-09-12T23:12:00.000Z,Flood,Bucks,2336
PA,2011-09-12T23:12:00.000Z,Flood,Chester,2360
PA,2011-09-12T23:12:00.000Z,Flood,Columbia,2385
PA,2011-09-12T23:12:00.000Z,Flood,Huntingdon,2454
PA,2011-09-12T23:12:00.000Z,Flood,Lancaster,2482
PA,2011-09-12T23:12:00.000Z,Flood,Luzerne,2501
PA,2011-09-12T23:12:00.000Z,Flood,Lebanon,2492
PA,2011-09-12T23:12:00.000Z,Flood,Dauphin,2403
PA,2011-09-12T23:12:00.000Z,Flood,Lycoming,2505
PA,2011-09-12T23:12:00.000Z,Flood,Perry,2554
PA,2011-09-12T23:12:00.000Z,Flood,Montour,2533
PA,2011-09-12T23:12:00.000Z,Flood,Northampton,2537
PA,2011-09-12T23:12:00.000Z,Flood,Schuylkill,2581
PA,2011-09-12T23:12:00.000Z,Flood,Snyder,2583
PA,2011-09-12T23:12:00.000Z,Flood,Montgomery,2528
PA,2011-09-12T23:12:00.000Z,Flood,Northumberland,2544
PA,2011-09-12T23:12:00.000Z,Flood,Susquehanna,2298
PA,2011-09-12T23:12:00.000Z,Flood,Union,2313
PA,2011-09-12T23:12:00.000Z,Flood,Wyoming,2407
PA,2011-09-12T23:12:00.000Z,Flood,York,2419
PA,2011-09-12T23:12:00.000Z,Flood,Sullivan,2293
KS,2011-09-23T16:28:00.000Z,Flood,Atchison,715
KS,2011-09-23T16:28:00.000Z,Flood,Doniphan,765
KS,2011-09-23T16:28:00.000Z,Flood,Wyandotte,927
KS,2011-09-23T16:28:00.000Z,Flood,Leavenworth,836
MD,2011-10-05T16:33:00.000Z,Flood,Anne Arundel,1925
MD,2011-10-05T16:33:00.000Z,Flood,Baltimore County,1939
MD,2011-10-05T16:33:00.000Z,Flood,Cecil,1963
MD,2011-10-05T16:33:00.000Z,Flood,Harford,1372
MD,2011-10-05T16:33:00.000Z,Flood,Howard,1379
MD,2011-10-05T16:33:00.000Z,Flood,Prince George's,1403
MD,2011-10-05T16:33:00.000Z,Flood,Charles,1294
NM,2011-11-23T12:30:00.000Z,Flood,Cibola,1580
NM,2011-11-23T12:30:00.000Z,Flood,Los Alamos,1618
NM,2011-11-23T12:30:00.000Z,Flood,Sandoval,1646
OR,2012-03-02T13:12:00.000Z,Flood,Benton,2053
OR,2012-03-02T13:12:00.000Z,Flood,Columbia,2070
OR,2012-03-02T13:12:00.000Z,Flood,Coos,2083
OR,2012-03-02T13:12:00.000Z,Flood,Douglas,2115
OR,2012-03-02T13:12:00.000Z,Flood,Hood River,2138
OR,2012-03-02T13:12:00.000Z,Flood,Lane,2170
OR,2012-03-02T13:12:00.000Z,Flood,Lincoln,2174
OR,2012-03-02T13:12:00.000Z,Flood,Curry,2098
OR,2012-03-02T13:12:00.000Z,Flood,Linn,2181
OR,2012-03-02T13:12:00.000Z,Flood,Marion,2200
OR,2012-03-02T13:12:00.000Z,Flood,Polk,2223
OR,2012-03-02T13:12:00.000Z,Flood,Tillamook,2242
NM,2012-08-24T16:00:00.000Z,Flood,Los Alamos,1618
NM,2012-08-24T16:00:00.000Z,Flood,Lincoln,1613
NM,2012-08-24T16:00:00.000Z,Flood,Sandoval,1646
UT,2012-11-03T10:00:00.000Z,Flood,Washington,2577
IL,2013-05-10T18:15:00.000Z,Flood,Carroll,6
IL,2013-05-10T18:15:00.000Z,Flood,Cass,10
IL,2013-05-10T18:15:00.000Z,Flood,Greene,96
IL,2013-05-10T18:15:00.000Z,Flood,Hancock,111
IL,2013-05-10T18:15:00.000Z,Flood,Lawrence,177
IL,2013-05-10T18:15:00.000Z,Flood,Adams,650
IL,2013-05-10T18:15:00.000Z,Flood,Monroe,219
IL,2013-05-10T18:15:00.000Z,Flood,Morgan,225
IL,2013-05-10T18:15:00.000Z,Flood,Ogle,229
IL,2013-05-10T18:15:00.000Z,Flood,Mercer,216
IL,2013-05-10T18:15:00.000Z,Flood,Shelby,283
IL,2013-05-10T18:15:00.000Z,Flood,Cook,36
IL,2013-05-10T18:15:00.000Z,Flood,DeKalb,49
IL,2013-05-10T18:15:00.000Z,Flood,Scott,280
IL,2013-05-10T18:15:00.000Z,Flood,Henry,121
IL,2013-05-10T18:15:00.000Z,Flood,Whiteside,314
IL,2013-05-10T18:15:00.000Z,Flood,Douglas,55
IL,2013-05-10T18:15:00.000Z,Flood,Brown,654
IL,2013-05-10T18:15:00.000Z,Flood,Bureau,2
IL,2013-05-10T18:15:00.000Z,Flood,Winnebago,325
IL,2013-05-10T18:15:00.000Z,Flood,Kane,156
IL,2013-05-10T18:15:00.000Z,Flood,Calhoun,4
IL,2013-05-10T18:15:00.000Z,Flood,DuPage,64
IL,2013-05-10T18:15:00.000Z,Flood,Fulton,89
IL,2013-05-10T18:15:00.000Z,Flood,Grundy,99
IL,2013-05-10T18:15:00.000Z,Flood,Henderson,117
IL,2013-05-10T18:15:00.000Z,Flood,Kendall,165
IL,2013-05-10T18:15:00.000Z,Flood,Clark,19
IL,2013-05-10T18:15:00.000Z,Flood,Crawford,40
IL,2013-05-10T18:15:00.000Z,Flood,Knox,166
IL,2013-05-10T18:15:00.000Z,Flood,Lake,170
IL,2013-05-10T18:15:00.000Z,Flood,LaSalle,175
IL,2013-05-10T18:15:00.000Z,Flood,McDonough,189
IL,2013-05-10T18:15:00.000Z,Flood,McHenry,192
IL,2013-05-10T18:15:00.000Z,Flood,Marshall,202
IL,2013-05-10T18:15:00.000Z,Flood,Livingston,182
IL,2013-05-10T18:15:00.000Z,Flood,Peoria,233
IL,2013-05-10T18:15:00.000Z,Flood,Pike,241
IL,2013-05-10T18:15:00.000Z,Flood,Putnam,253
IL,2013-05-10T18:15:00.000Z,Flood,Mason,206
IL,2013-05-10T18:15:00.000Z,Flood,Rock Island,265
IL,2013-05-10T18:15:00.000Z,Flood,Schuyler,278
IL,2013-05-10T18:15:00.000Z,Flood,Stark,285
IL,2013-05-10T18:15:00.000Z,Flood,Woodford,328
IL,2013-05-10T18:15:00.000Z,Flood,Tazewell,291
IL,2013-05-10T18:15:00.000Z,Flood,Warren,301
IL,2013-05-10T18:15:00.000Z,Flood,Will,320
ND,2013-05-29T16:23:00.000Z,Flood,Benson,1831
ND,2013-05-29T16:23:00.000Z,Flood,Bottineau,1836
ND,2013-05-29T16:23:00.000Z,Flood,Cass,1848
ND,2013-05-29T16:23:00.000Z,Flood,Cavalier,1849
ND,2013-05-29T16:23:00.000Z,Flood,Eddy,2017
ND,2013-05-29T16:23:00.000Z,Flood,Foster,2026
ND,2013-05-29T16:23:00.000Z,Flood,McHenry,2082
ND,2013-05-29T16:23:00.000Z,Flood,Pembina,2131
ND,2013-05-29T16:23:00.000Z,Flood,Ramsey,2141
ND,2013-05-29T16:23:00.000Z,Flood,Renville,2150
ND,2013-05-29T16:23:00.000Z,Flood,Richland,2156
ND,2013-05-29T16:23:00.000Z,Flood,Rolette,2161
ND,2013-05-29T16:23:00.000Z,Flood,Towner,2205
ND,2013-05-29T16:23:00.000Z,Flood,Traill,2217
ND,2013-05-29T16:23:00.000Z,Flood,Walsh,2225
ND,2013-05-29T16:23:00.000Z,Flood,Wells,2237
IA,2013-05-31T15:00:00.000Z,Flood,Appanoose,611
IA,2013-05-31T15:00:00.000Z,Flood,Cedar,379
IA,2013-05-31T15:00:00.000Z,Flood,Clinton,404
IA,2013-05-31T15:00:00.000Z,Flood,Davis,416
IA,2013-05-31T15:00:00.000Z,Flood,Decatur,419
IA,2013-05-31T15:00:00.000Z,Flood,Des Moines,424
IA,2013-05-31T15:00:00.000Z,Flood,Iowa,495
IA,2013-05-31T15:00:00.000Z,Flood,Jefferson,507
IA,2013-05-31T15:00:00.000Z,Flood,Johnson,508
IA,2013-05-31T15:00:00.000Z,Flood,Keokuk,520
IA,2013-05-31T15:00:00.000Z,Flood,Lee,531
IA,2013-05-31T15:00:00.000Z,Flood,Lucas,542
IA,2013-05-31T15:00:00.000Z,Flood,Marion,561
IA,2013-05-31T15:00:00.000Z,Flood,Monroe,580
IA,2013-05-31T15:00:00.000Z,Flood,Muscatine,600
IA,2013-05-31T15:00:00.000Z,Flood,Ringgold,642
IA,2013-05-31T15:00:00.000Z,Flood,Van Buren,678
IA,2013-05-31T15:00:00.000Z,Flood,Wapello,681
IA,2013-05-31T15:00:00.000Z,Flood,Warren,685
IA,2013-05-31T15:00:00.000Z,Flood,Wayne,691
VT,2013-06-13T10:30:00.000Z,Flood,Chittenden,2599
VT,2013-06-13T10:30:00.000Z,Flood,Essex,2604
VT,2013-06-13T10:30:00.000Z,Flood,Lamoille,2611
MI,2013-06-18T16:02:00.000Z,Flood,Allegan,1611
MI,2013-06-18T16:02:00.000Z,Flood,Barry,1627
MI,2013-06-18T16:02:00.000Z,Flood,Gogebic,1693
MI,2013-06-18T16:02:00.000Z,Flood,Houghton,1705
MI,2013-06-18T16:02:00.000Z,Flood,Ionia,1713
MI,2013-06-18T16:02:00.000Z,Flood,Baraga,1624
MI,2013-06-18T16:02:00.000Z,Flood,Kent,1726
MI,2013-06-18T16:02:00.000Z,Flood,Keweenaw,1743
MI,2013-06-18T16:02:00.000Z,Flood,Marquette,1793
MI,2013-06-18T16:02:00.000Z,Flood,Midland,1806
MI,2013-06-18T16:02:00.000Z,Flood,Newaygo,1820
MI,2013-06-18T16:02:00.000Z,Flood,Ontonagon,1829
MI,2013-06-18T16:02:00.000Z,Flood,Osceola,1830
MI,2013-06-18T16:02:00.000Z,Flood,Muskegon,1818
MI,2013-06-18T16:02:00.000Z,Flood,Ottawa,1837
MI,2013-06-18T16:02:00.000Z,Flood,Saginaw,1845
MT,2013-07-10T12:26:00.000Z,Flood,Blaine,1124
MT,2013-07-10T12:26:00.000Z,Flood,Chouteau,1150
MT,2013-07-10T12:26:00.000Z,Flood,Custer,1153
MT,2013-07-10T12:26:00.000Z,Flood,Dawson,1160
MT,2013-07-10T12:26:00.000Z,Flood,Fergus,1169
MT,2013-07-10T12:26:00.000Z,Flood,Hill,1195
MT,2013-07-10T12:26:00.000Z,Flood,McCone,1223
MT,2013-07-10T12:26:00.000Z,Flood,Musselshell,1241
MT,2013-07-10T12:26:00.000Z,Flood,Garfield,1182
MT,2013-07-10T12:26:00.000Z,Flood,Rosebud,1277
MT,2013-07-10T12:26:00.000Z,Flood,Valley,1296
MT,2013-07-10T12:26:00.000Z,Flood,Petroleum,1247
NY,2013-07-12T18:38:00.000Z,Flood,Allegany,1674
NY,2013-07-12T18:38:00.000Z,Flood,Broome,1683
NY,2013-07-12T18:38:00.000Z,Flood,Chenango,1699
NY,2013-07-12T18:38:00.000Z,Flood,Clinton,1702
NY,2013-07-12T18:38:00.000Z,Flood,Cortland,1706
NY,2013-07-12T18:38:00.000Z,Flood,Delaware,1707
NY,2013-07-12T18:38:00.000Z,Flood,Essex,1728
NY,2013-07-12T18:38:00.000Z,Flood,Franklin,1731
NY,2013-07-12T18:38:00.000Z,Flood,Chautauqua,1694
NY,2013-07-12T18:38:00.000Z,Flood,Herkimer,1745
NY,2013-07-12T18:38:00.000Z,Flood,Madison,1796
NY,2013-07-12T18:38:00.000Z,Flood,Montgomery,1807
NY,2013-07-12T18:38:00.000Z,Flood,Niagara,1850
NY,2013-07-12T18:38:00.000Z,Flood,Oneida,1852
NY,2013-07-12T18:38:00.000Z,Flood,Warren,1938
NY,2013-07-12T18:38:00.000Z,Flood,Otsego,1868
WV,2013-07-26T07:45:00.000Z,Flood,Mason,3042
WV,2013-07-26T07:45:00.000Z,Flood,Roane,3079
VT,2013-08-02T18:12:00.000Z,Flood,Caledonia,2596
VT,2013-08-02T18:12:00.000Z,Flood,Chittenden,2599
VT,2013-08-02T18:12:00.000Z,Flood,Orange,2612
VT,2013-08-02T18:12:00.000Z,Flood,Rutland,2615
VT,2013-08-02T18:12:00.000Z,Flood,Orleans,2614
VT,2013-08-02T18:12:00.000Z,Flood,Washington,2617
VT,2013-08-02T18:12:00.000Z,Flood,Windsor,2625
CO,2013-09-14T22:55:00.000Z,Flood,Crowley,605
CO,2013-09-14T22:55:00.000Z,Flood,Denver,628
CO,2013-09-14T22:55:00.000Z,Flood,Gilpin,672
CO,2013-09-14T22:55:00.000Z,Flood,Lake,721
CO,2013-09-14T22:55:00.000Z,Flood,Lincoln,747
CO,2013-09-14T22:55:00.000Z,Flood,Sedgwick,366
CO,2013-09-14T22:55:00.000Z,Flood,Washington,377
CO,2013-09-14T22:55:00.000Z,Flood,Adams,545
CO,2013-09-14T22:55:00.000Z,Flood,Arapahoe,558
CO,2013-09-14T22:55:00.000Z,Flood,Boulder,570
CO,2013-09-14T22:55:00.000Z,Flood,Clear Creek,591
CO,2013-09-14T22:55:00.000Z,Flood,El Paso,661
CO,2013-09-14T22:55:00.000Z,Flood,Fremont,664
CO,2013-09-14T22:55:00.000Z,Flood,Jefferson,706
CO,2013-09-14T22:55:00.000Z,Flood,Larimer,734
CO,2013-09-14T22:55:00.000Z,Flood,Logan,749
CO,2013-09-14T22:55:00.000Z,Flood,Morgan,775
CO,2013-09-14T22:55:00.000Z,Flood,Weld,382
NC,2013-09-25T09:27:00.000Z,Flood,Alleghany,1970
NC,2013-09-25T09:27:00.000Z,Flood,Ashe,1975
NC,2013-09-25T09:27:00.000Z,Flood,Avery,1977
NC,2013-09-25T09:27:00.000Z,Flood,Buncombe,1422
NC,2013-09-25T09:27:00.000Z,Flood,Burke,1424
NC,2013-09-25T09:27:00.000Z,Flood,Caldwell,1429
NC,2013-09-25T09:27:00.000Z,Flood,Jackson,1528
NC,2013-09-25T09:27:00.000Z,Flood,Macon,1556
NC,2013-09-25T09:27:00.000Z,Flood,Madison,1560
NC,2013-09-25T09:27:00.000Z,Flood,Mitchell,1568
NC,2013-09-25T09:27:00.000Z,Flood,Polk,1738
NC,2013-09-25T09:27:00.000Z,Flood,Watauga,1813
NC,2013-09-25T09:27:00.000Z,Flood,Yancey,1823
NM,2013-10-29T12:39:00.000Z,Flood,Chaves,1578
NM,2013-10-29T12:39:00.000Z,Flood,Cibola,1580
NM,2013-10-29T12:39:00.000Z,Flood,Colfax,1582
NM,2013-10-29T12:39:00.000Z,Flood,Catron,1576
NM,2013-10-29T12:39:00.000Z,Flood,De Baca,1589
NM,2013-10-29T12:39:00.000Z,Flood,Doña Ana,1590
NM,2013-10-29T12:39:00.000Z,Flood,Eddy,1592
NM,2013-10-29T12:39:00.000Z,Flood,Guadalupe,1595
NM,2013-10-29T12:39:00.000Z,Flood,Harding,1597
NM,2013-10-29T12:39:00.000Z,Flood,Lincoln,1613
NM,2013-10-29T12:39:00.000Z,Flood,Los Alamos,1618
NM,2013-10-29T12:39:00.000Z,Flood,McKinley,1626
NM,2013-10-29T12:39:00.000Z,Flood,Mora,1629
NM,2013-10-29T12:39:00.000Z,Flood,Otero,1633
NM,2013-10-29T12:39:00.000Z,Flood,Rio Arriba,1639
NM,2013-10-29T12:39:00.000Z,Flood,Sandoval,1646
NM,2013-10-29T12:39:00.000Z,Flood,San Juan,1650
NM,2013-10-29T12:39:00.000Z,Flood,San Miguel,1652
NM,2013-10-29T12:39:00.000Z,Flood,Santa Fe,1654
NM,2013-10-29T12:39:00.000Z,Flood,Sierra,1657
NM,2013-10-29T12:39:00.000Z,Flood,Socorro,1659
NM,2013-10-29T12:39:00.000Z,Flood,Taos,1662
NM,2013-10-29T12:39:00.000Z,Flood,Torrance,1664
NC,2013-10-29T21:05:00.000Z,Flood,Ashe,1975
NC,2013-10-29T21:05:00.000Z,Flood,Avery,1977
NC,2013-10-29T21:05:00.000Z,Flood,Catawba,1450
NC,2013-10-29T21:05:00.000Z,Flood,Lincoln,1545
NC,2013-10-29T21:05:00.000Z,Flood,Watauga,1813
NC,2013-10-29T21:05:00.000Z,Flood,Wilkes,1817
AK,2014-01-16T09:52:00.000Z,Flood,Kenai Peninsula,494
MT,2014-04-17T11:43:00.000Z,Flood,Broadwater,1132
MT,2014-04-17T11:43:00.000Z,Flood,Dawson,1160
MT,2014-04-17T11:43:00.000Z,Flood,Golden Valley,1189
MT,2014-04-17T11:43:00.000Z,Flood,Jefferson,1199
MT,2014-04-17T11:43:00.000Z,Flood,Lake,1207
MT,2014-04-17T11:43:00.000Z,Flood,Musselshell,1241
MT,2014-04-17T11:43:00.000Z,Flood,Park,1244
MT,2014-04-17T11:43:00.000Z,Flood,Pondera,1254
MT,2014-04-17T11:43:00.000Z,Flood,Prairie,1264
MT,2014-04-17T11:43:00.000Z,Flood,Ravalli,1268
MT,2014-04-17T11:43:00.000Z,Flood,Richland,1271
MT,2014-04-17T11:43:00.000Z,Flood,Rosebud,1277
MT,2014-04-17T11:43:00.000Z,Flood,Sanders,1278
MT,2014-04-17T11:43:00.000Z,Flood,Stillwater,1286
MT,2014-04-17T11:43:00.000Z,Flood,Wheatland,1298
VT,2014-06-11T16:45:00.000Z,Flood,Essex,2604
VT,2014-06-11T16:45:00.000Z,Flood,Franklin,2607
VT,2014-06-11T16:45:00.000Z,Flood,Lamoille,2611
VT,2014-06-11T16:45:00.000Z,Flood,Orange,2612
VT,2014-06-11T16:45:00.000Z,Flood,Orleans,2614
VT,2014-06-11T16:45:00.000Z,Flood,Caledonia,2596
VT,2014-06-11T16:45:00.000Z,Flood,Washington,2617
MN,2014-07-21T15:29:00.000Z,Flood,Beltrami,1880
MN,2014-07-21T15:29:00.000Z,Flood,Blue Earth,1886
MN,2014-07-21T15:29:00.000Z,Flood,Brown,1892
MN,2014-07-21T15:29:00.000Z,Flood,Carver,1894
MN,2014-07-21T15:29:00.000Z,Flood,Chippewa,1896
MN,2014-07-21T15:29:00.000Z,Flood,Dodge,1906
MN,2014-07-21T15:29:00.000Z,Flood,Faribault,1908
MN,2014-07-21T15:29:00.000Z,Flood,Freeborn,1910
MN,2014-07-21T15:29:00.000Z,Flood,Hennepin,1913
MN,2014-07-21T15:29:00.000Z,Flood,Jackson,1918
MN,2014-07-21T15:29:00.000Z,Flood,Koochiching,1922
MN,2014-07-21T15:29:00.000Z,Flood,Lac qui Parle,1923
MN,2014-07-21T15:29:00.000Z,Flood,Lake of the Woods,1927
MN,2014-07-21T15:29:00.000Z,Flood,Le Sueur,1929
MN,2014-07-21T15:29:00.000Z,Flood,Lyon,1932
MN,2014-07-21T15:29:00.000Z,Flood,McLeod,1934
MN,2014-07-21T15:29:00.000Z,Flood,Marshall,1937
MN,2014-07-21T15:29:00.000Z,Flood,Martin,1940
MN,2014-07-21T15:29:00.000Z,Flood,Murray,1947
MN,2014-07-21T15:29:00.000Z,Flood,Nicollet,1948
MN,2014-07-21T15:29:00.000Z,Flood,Nobles,1950
MN,2014-07-21T15:29:00.000Z,Flood,Ramsey,1964
MN,2014-07-21T15:29:00.000Z,Flood,Redwood,1969
MN,2014-07-21T15:29:00.000Z,Flood,Renville,1971
MN,2014-07-21T15:29:00.000Z,Flood,Rice,1973
MN,2014-07-21T15:29:00.000Z,Flood,Pipestone,1958
MN,2014-07-21T15:29:00.000Z,Flood,Rock,1974
MN,2014-07-21T15:29:00.000Z,Flood,Roseau,1976
MN,2014-07-21T15:29:00.000Z,Flood,Scott,1979
MN,2014-07-21T15:29:00.000Z,Flood,Sibley,1982
MN,2014-07-21T15:29:00.000Z,Flood,Steele,1985
MN,2014-07-21T15:29:00.000Z,Flood,Todd,1989
MN,2014-07-21T15:29:00.000Z,Flood,Wadena,1992
MN,2014-07-21T15:29:00.000Z,Flood,Waseca,1993
MN,2014-07-21T15:29:00.000Z,Flood,Watonwan,1996
MN,2014-07-21T15:29:00.000Z,Flood,Wright,1999
MN,2014-07-21T15:29:00.000Z,Flood,Yellow Medicine,1531
IA,2014-07-24T09:48:00.000Z,Flood,Allamakee,608
IA,2014-07-24T09:48:00.000Z,Flood,Buchanan,632
IA,2014-07-24T09:48:00.000Z,Flood,Buena Vista,633
IA,2014-07-24T09:48:00.000Z,Flood,Butler,361
IA,2014-07-24T09:48:00.000Z,Flood,Cherokee,388
IA,2014-07-24T09:48:00.000Z,Flood,Chickasaw,393
IA,2014-07-24T09:48:00.000Z,Flood,Clay,398
IA,2014-07-24T09:48:00.000Z,Flood,Dickinson,427
IA,2014-07-24T09:48:00.000Z,Flood,Emmet,437
IA,2014-07-24T09:48:00.000Z,Flood,Fayette,442
IA,2014-07-24T09:48:00.000Z,Flood,Franklin,451
IA,2014-07-24T09:48:00.000Z,Flood,Hancock,470
IA,2014-07-24T09:48:00.000Z,Flood,Humboldt,487
IA,2014-07-24T09:48:00.000Z,Flood,Ida,491
IA,2014-07-24T09:48:00.000Z,Flood,Kossuth,523
IA,2014-07-24T09:48:00.000Z,Flood,Osceola,607
IA,2014-07-24T09:48:00.000Z,Flood,Palo Alto,618
IA,2014-07-24T09:48:00.000Z,Flood,Plymouth,622
IA,2014-07-24T09:48:00.000Z,Flood,Pocahontas,624
IA,2014-07-24T09:48:00.000Z,Flood,Sac,647
IA,2014-07-24T09:48:00.000Z,Flood,Lyon,546
IA,2014-07-24T09:48:00.000Z,Flood,Sioux,663
IA,2014-07-24T09:48:00.000Z,Flood,Winnebago,696
IA,2014-07-24T09:48:00.000Z,Flood,Woodbury,702
IA,2014-07-24T09:48:00.000Z,Flood,Wright,705
IA,2014-07-24T09:48:00.000Z,Flood,Winneshiek,698
SD,2014-07-28T17:30:00.000Z,Flood,Butte,2895
SD,2014-07-28T17:30:00.000Z,Flood,Clay,2903
SD,2014-07-28T17:30:00.000Z,Flood,Corson,2907
SD,2014-07-28T17:30:00.000Z,Flood,Dewey,2914
SD,2014-07-28T17:30:00.000Z,Flood,Hanson,2929
SD,2014-07-28T17:30:00.000Z,Flood,Jerauld,2941
SD,2014-07-28T17:30:00.000Z,Flood,Lincoln,2410
SD,2014-07-28T17:30:00.000Z,Flood,Minnehaha,2467
SD,2014-07-28T17:30:00.000Z,Flood,Perkins,2502
SD,2014-07-28T17:30:00.000Z,Flood,Union,2557
SD,2014-07-28T17:30:00.000Z,Flood,Ziebach,2578
SD,2014-07-28T17:30:00.000Z,Flood,Turner,2550
ND,2014-08-19T15:13:00.000Z,Flood,Benson,1831
ND,2014-08-19T15:13:00.000Z,Flood,Bottineau,1836
ND,2014-08-19T15:13:00.000Z,Flood,Eddy,2017
ND,2014-08-19T15:13:00.000Z,Flood,McHenry,2082
ND,2014-08-19T15:13:00.000Z,Flood,Mountrail,2119
ND,2014-08-19T15:13:00.000Z,Flood,Divide,2007
ND,2014-08-19T15:13:00.000Z,Flood,Pierce,2136
ND,2014-08-19T15:13:00.000Z,Flood,Renville,2150
ND,2014-08-19T15:13:00.000Z,Flood,Ward,2233
MI,2014-09-25T12:00:00.000Z,Flood,Macomb,1785
MI,2014-09-25T12:00:00.000Z,Flood,Oakland,1824
MI,2014-09-25T12:00:00.000Z,Flood,Wayne,1871
AZ,2014-11-05T18:00:00.000Z,Flood,La Paz,3
AZ,2014-11-05T18:00:00.000Z,Flood,Maricopa,9
